#
# <meta:header>
#   <meta:licence>
#     Copyright (c) 2014, ROE (http://www.roe.ac.uk/)
#
#     This information is free software: you can redistribute it and/or modify
#     it under the terms of the GNU General Public License as published by
#     the Free Software Foundation, either version 3 of the License, or
#     (at your option) any later version.
#
#     This information is distributed in the hope that it will be useful,
#     but WITHOUT ANY WARRANTY; without even the implied warranty of
#     MERCHANTABILITY or FITNESS FOR A PARTICULAR PURPOSE.  See the
#     GNU General Public License for more details.
#  
#     You should have received a copy of the GNU General Public License
#     along with this program.  If not, see <http://www.gnu.org/licenses/>.
#   </meta:licence>
# </meta:header>
#
#


#############################################################################
### Query Test run #1: All ATLASDR1 queries that do not contain dr8 & dr9 ###
#############################################################################

(Reason: in previous runs dr9 crossmatches where taking very long time to complete)

Query run ID: 
Started on: 2014-12-08 
Finished on: 2014-12-09 
Assertion: Total queries failed: 113 (out of 2645)

Json Summary:
"No ID": {"total_queries_run": 2794, "average_firethorn_duration": 16.689895188879735, "total_failed": 329, "total_firethorn_querytime": 46631.56715772998, "java_version": "1.7.0_05", "total_sql_querytime": 142781.71314549996, "sys_platform": "Debian GNU/Linux 7 (wheezy)", "firethorn_changeset": "a0e65c608e9e", "firethorn_version": "1.11.28", "sys_timestamp": "2014-12-15T19:51:11.339Z", "average_sql_duration": 51.1029753562992, "query_timestamp": "2014-12-18 02:38:26"}


Notes on run:
Maximum row limit for both direct SQL & Firethorn set to 1000
Timeout in seconds for Direct SQL: 1000
Comparison: #rows==#rows
Run included queries that were run on neighbours that were not included in the import. Thus several fails are due to the missing neighbours





Mysql:
------
mysql> use pyrothorn_testing;
Reading table information for completion of table and column names
You can turn off this feature to get a quicker startup with -A

Database changed
mysql> describe queries;
+-------------------------+------------------+------+-----+---------+----------------+
| Field                   | Type             | Null | Key | Default | Extra          |
+-------------------------+------------------+------+-----+---------+----------------+
| queryid                 | int(10) unsigned | NO   | PRI | NULL    | auto_increment |
| queryrunID              | text             | NO   |     | NULL    |                |
| query_hash              | text             | NO   |     | NULL    |                |
| query_count             | int(10) unsigned | NO   |     | NULL    |                |
| query_timestamp         | varchar(120)     | NO   |     | NULL    |                |
| query                   | text             | NO   |     | NULL    |                |
| direct_sql_rows         | int(11)          | NO   |     | NULL    |                |
| firethorn_sql_rows      | int(11)          | NO   |     | NULL    |                |
| firethorn_duration      | varchar(60)      | NO   |     | NULL    |                |
| sql_duration            | varchar(60)      | NO   |     | NULL    |                |
| test_passed             | tinyint(1)       | NO   |     | NULL    |                |
| firethorn_version       | varchar(60)      | NO   |     | NULL    |                |
| firethorn_error_message | text             | NO   |     | NULL    |                |
| sql_error_message       | text             | NO   |     | NULL    |                |
+-------------------------+------------------+------+-----+---------+----------------+
14 rows in set (0.00 sec)

mysql> select count(*)  from queries where  queryrunID like '';
+----------+
| count(*) |
+----------+
|     2794 |
+----------+
1 row in set (0.06 sec)


# Total unique queries
mysql> select count(*)  from queries where  queryrunID like ''  and query not like "%best%" and query not like "%rosat%" and query not like "%twomass%" and query not like "%glimpse%" and query not like "%dr9%" and query not like "%dr8%" and query not like '%sys%' and query not like '%20130426%' ;
+----------+
| count(*) |
+----------+
|     2541 |
+----------+
1 row in set (0.08 sec)


# Number of unique firethorn error messages
mysql> select count(Distinct(firethorn_error_message)) from queries where  queryrunID like '' and test_passed<1  and query not like "%best%" and query not like "%rosat%" and query not like "%twomass%" and query not like "%glimpse%" and query not like "%dr9%" and query not like "%dr8%" and query not like '%sys%' and query not like '%20130426%' ;
+------------------------------------------+
| count(Distinct(firethorn_error_message)) |
+------------------------------------------+
|                                       23 |
+------------------------------------------+
1 row in set (0.07 sec)





mysql> select count(*)  from queries where  queryrunID like '' and test_passed<1  and query not like "%best%" and query not like "%rosat%" and query not like "%twomass%" and query not like "%glimpse%" and query not like "%dr9%" and query not like "%dr8%" and query not like '%sys%' and query not like '%20130426%' ;
+----------+
| count(*) |
+----------+
|      132 |
+----------+
1 row in set (0.07 sec)



mysql>  select firethorn_error_message, count(firethorn_error_message),query AS ct from queries where  queryrunID like '' and test_passed<1  and query not like "%best%" and query not like "%rosat%" and query not like "%twomass%" and query not like "%glimpse%" and query not like "%dr9%" and query not like "%dr8%" and query not like '%sys%' and query not like '%20130426%'  group by firethorn_error_message order by ct desc limit 0,100 ;
| firethorn_error_message                                                                                                                                                                                                                                                                                                                                                                                                                                                                                                                                                                                                                                                                                                                                                                                                                                                                                                                                                                                                                                          | query                                                                                                                                                                                                                                                                                                                                                                                                                                                                                                                                                                                                                                                                                                                                                                                                                                                                                                                                                                                                                                                            | count(firethorn_error_message) | ct                                                                                                                                                                                                                                                                                                                                                                                                                                                                                                                                                                                                                                                                                                                                                                                                                                                                                                                                                                                                                                                               |
+----------------------------------------------------------------------------------------------------------------------------------------------------------------------------------------------------------------------------------------------------------------------------------------------------------------------------------------------------------------------------------------------------------------------------------------------------------------------------------------------------------------------------------------------------------------------------------------------------------------------------------------------------------------------------------------------------------------------------------------------------------------------------------------------------------------------------------------------------------------------------------------------------------------------------------------------------------------------------------------------------------------------------------------------------------------------------------------------------------------------------------------------------------------------------------------------------------------------------------------------------------------------------------------------------------------------------------------------------------------------------------------------------------------------------------------------------------------------------------------------------------------------------------------------------------------------------------------------------------------------------------------------------------------------------------------------------------------------------------------------------------------------------------------------------------------------------------------------------------------------------------------------------------------------------------------------------------------------------------------------------------------------------------------------------------------------------------------------------------------------------------------------------------------------------------------------------------------------------------------------------------------------------------------------------------------------------------------------------------------------------------------------------------------------------------------------------------------------------------------------------------------------------------------------------------------------------------------------------------------------------------------------------------------------------------------------------------------------------------------------------------------------------------------------------------------------------------------------------------------------------------------------------------------------------------------------------------------------------------------------------------------------------------------------------------------------------------------------------------------------------------------------------------------------------------------+---------------------------------------------------------------------------------------------------------------------------------------------------------------------------------------------------------------------------------------------------------------------------------------------------------------------------------------------------------------------------------------------------------------------------------------------------------------------------------------------------------------------------------------------------------------------------------------------------------------------------------------------------------------------------------------------------------------------------------------------------------------------------------------------------------------------------------------------------------------------------------------------------------------------------------------------------------------------------------------------------------------------------------------------------------------------------------------------------------------------------------------------------------------------------------------------------------------------------------------------------------------------------------------------------------------------------------------------------------------------------------------------------------------------------------------------------------------------------------------------------------------------------------------------------------------------------------------------------------------------------------------------------------------------------------------------------------------------------------------------------------------------------------------------------------------------------------------------------------------------------------------------------------------------------------------------------------------------------------------------------------------------------------------------------------------------------------------------------------------------------------------------------------------------------------------------------------------------------------------------------------------------------------------------------------------------------------------------------------------------------------------------------------------------------------------------------------------------------------------------------------------------------------------------------------------------------------------------------------------------------------------------------------------------------------------------------------------------------------------------------------------------------------------------------------------------------------------------------------------------------------------------------------------------------------------------------------------------------------------+--------------------------------+---------------------------------------------------------------------------------------------------------------------------------------------------------------------------------------------------------------------------------------------------------------------------------------------------------------------------------------------------------------------------------------------------------------------------------------------------------------------------------------------------------------------------------------------------------------------------------------------------------------------------------------------------------------------------------------------------------------------------------------------------------------------------------------------------------------------------------------------------------------------------------------------------------------------------------------------------------------------------------------------------------------------------------------------------------------------------------------------------------------------------------------------------------------------------------------------------------------------------------------------------------------------------------------------------------------------------------------------------------------------------------------------------------------------------------------------------------------------------------------------------------------------------------------------------------------------------------------------------------------------------------------------------------------------------------------------------------------------------------------------------------------------------------------------------------------------------------------------------------------------------------------------------------------------------------------------------------------------------------------------------------------------------------------------------------------------------------------------------------------------------------------------------------------------------------------------------------------------------------------------------------------------------------------------------------------------------------------------------------------------------------------------------------------------------------------------------------------------------------------------------------------------------------------------------------------------------------------------------------------------------------------------------------------------------------------------------------------------------------------------------------------------------------------------------------------------------------------------------------------------------------------------------------------------------------------------------------------------------------------+
| PARSE_ERROR - ADQLColumn with unknown DBLink class [adql.db.DefaultDBColumn]                                                                                                                                                                                                                                                                                                                                                                                                                                                                                                                                                                                                                                                                                                                                                                                                                                                                                                                                                                                     | select top 500000 m.deprecated,jpegBase,M.multiframeID,frameType,obstype,raBase,decBase,shortname,exptime,filename,catname,dateObs,project,numDetectors,object,vstRunNo from (select distinct substring(compfile,1, len(compfile)-charindex('_',reverse(compfile))) as jpegBase, t.multiframeid from (select top 500000 m.multiframeid from Multiframe as M, ProgrammeFrame as PF, Programme as P where PF.multiframeID = M.multiframeID and PF.programmeID=P.programmeID and (PF.programmeID=170) and ( filename not like '%none%')  and ( m.obstype NOT LIKE 'BIAS%' AND m.frametype NOT LIKE 'BIAS%' AND m.obstype NOT LIKE 'DARK%' AND m.frametype NOT LIKE 'DARK%' AND m.obstype NOT LIKE 'SKY%' AND m.frametype NOT LIKE 'SKY%' AND m.obstype NOT LIKE 'FOCUS%' AND m.frametype NOT LIKE 'FOCUS%' AND m.obstype NOT LIKE 'CONFIDENCE%' AND m.frametype NOT LIKE 'CONFIDENCE%' AND m.obstype NOT LIKE '%FLAT%' AND m.frametype NOT LIKE '%FLAT%')  and ( m.frametype LIKE '%stack%')  and (m.rabase >= 0.0 and m.rabase <= 24.0)  and (m.decbase >= -90.0 and m.decbase <= 90.0 )  and (m.dateObs <= ' 23:59:59.9 2015-01-01')  order by dateObs asc,vstRunNo asc) as t,multiframedetector as mfd where mfd.multiframeid=t.multiframeid) as t1, multiframe as m, filter as F where t1.multiframeid=m.multiframeid and F.filterid=M.filterid order by dateObs asc,vstRunNo asc |                              1 | select top 500000 m.deprecated,jpegBase,M.multiframeID,frameType,obstype,raBase,decBase,shortname,exptime,filename,catname,dateObs,project,numDetectors,object,vstRunNo from (select distinct substring(compfile,1, len(compfile)-charindex('_',reverse(compfile))) as jpegBase, t.multiframeid from (select top 500000 m.multiframeid from Multiframe as M, ProgrammeFrame as PF, Programme as P where PF.multiframeID = M.multiframeID and PF.programmeID=P.programmeID and (PF.programmeID=170) and ( filename not like '%none%')  and ( m.obstype NOT LIKE 'BIAS%' AND m.frametype NOT LIKE 'BIAS%' AND m.obstype NOT LIKE 'DARK%' AND m.frametype NOT LIKE 'DARK%' AND m.obstype NOT LIKE 'SKY%' AND m.frametype NOT LIKE 'SKY%' AND m.obstype NOT LIKE 'FOCUS%' AND m.frametype NOT LIKE 'FOCUS%' AND m.obstype NOT LIKE 'CONFIDENCE%' AND m.frametype NOT LIKE 'CONFIDENCE%' AND m.obstype NOT LIKE '%FLAT%' AND m.frametype NOT LIKE '%FLAT%')  and ( m.frametype LIKE '%stack%')  and (m.rabase >= 0.0 and m.rabase <= 24.0)  and (m.decbase >= -90.0 and m.decbase <= 90.0 )  and (m.dateObs <= ' 23:59:59.9 2015-01-01')  order by dateObs asc,vstRunNo asc) as t,multiframedetector as mfd where mfd.multiframeid=t.multiframeid) as t1, multiframe as m, filter as F where t1.multiframeid=m.multiframeid and F.filterid=M.filterid order by dateObs asc,vstRunNo asc |
|                                                                                                                                                                                                                                                                                                                                                                                                                                                                                                                                                                                                                                                                                                                                                                                                                                                                                                                                                                                                                                                                  | select top 100 ra,dec,gpetromag,rpetromag,ipetromag,zpetromag,gapermag4,rapermag4,iapermag4,zapermag4,mergedclass from atlasSource where rpetromag>0 and rpetromag<22 and ra>150 and ra<180 and dec>-7                                                                                                                                                                                                                                                                                                                                                                                                                                                                                                                                                                                                                                                                                                                                                                                                                                                           |                              1 | select top 100 ra,dec,gpetromag,rpetromag,ipetromag,zpetromag,gapermag4,rapermag4,iapermag4,zapermag4,mergedclass from atlasSource where rpetromag>0 and rpetromag<22 and ra>150 and ra<180 and dec>-7                                                                                                                                                                                                                                                                                                                                                                                                                                                                                                                                                                                                                                                                                                                                                                                                                                                           |
| PARSE_ERROR -  Encountered "decimal". Was expecting one of: <CAST_TYPE> <CAST_TYPE> <CAST_TYPE> <CAST_TYPE> <CAST_TYPE> <CAST_TYPE> <CAST_TYPE> <CAST_TYPE> <CAST_TYPE> <CAST_TYPE> <CAST_TYPE> <CAST_TYPE> <CAST_TYPE> <CAST_TYPE> <CAST_TYPE> <CAST_TYPE> <CAST_TYPE> <CAST_TYPE> <CAST_TYPE> <CAST_TYPE> <CAST_TYPE> <CAST_TYPE> <CAST_TYPE> <CAST_TYPE> <CAST_TYPE> <CAST_TYPE> <CAST_TYPE> <CAST_TYPE> <CAST_TYPE> <CAST_TYPE> <CAST_TYPE> <CAST_TYPE> <CAST_TYPE> <CAST_TYPE> <CAST_TYPE> <CAST_TYPE> <CAST_TYPE> <CAST_TYPE> <CAST_TYPE> <CAST_TYPE> <CAST_TYPE> <CAST_TYPE> <CAST_TYPE> <CAST_TYPE> <CAST_TYPE> <CAST_TYPE> <CAST_TYPE> <CAST_TYPE> <CAST_TYPE> <CAST_TYPE>                                                                                                                                                                                                                                                                                                                                                                              | select top 10 cast ('http://seshat.roe.ac.uk:8080/osa/GetImage?mode=show&database='+ db_name()+'&ra='+ CONVERT(varchar(17), cast(ra as decimal (17,6)) )+ '&dec='+CONVERT(varchar(17), cast(dec as decimal (17,5)))+ '&mfid='+convert(varchar(18),multiframeid)as varchar(192)) as url,ra,dec from atlasDetection                                                                                                                                                                                                                                                                                                                                                                                                                                                                                                                                                                                                                                                                                                                                                |                              2 | select top 10 cast ('http://seshat.roe.ac.uk:8080/osa/GetImage?mode=show&database='+ db_name()+'&ra='+ CONVERT(varchar(17), cast(ra as decimal (17,6)) )+ '&dec='+CONVERT(varchar(17), cast(dec as decimal (17,5)))+ '&mfid='+convert(varchar(18),multiframeid)as varchar(192)) as url,ra,dec from atlasDetection                                                                                                                                                                                                                                                                                                                                                                                                                                                                                                                                                                                                                                                                                                                                                |
| PARSE_ERROR -  Encountered "from". Was expecting one of: <EOF> "." ";" "+" "-" "*" "/" "%" "&" "|" "^" "AND" "OR" "GROUP BY" "HAVING" "ORDER BY" "." "." "." "." "&" "|" "^" "*" "/" "%" "+" "-"                                                                                                                                                                                                                                                                                                                                                                                                                                                                                                                                                                                                                                                                                                                                                                                                                                                                 | select s1.ra as radeg,s1.dec as decdeg,s1.gapermag3,s2.rapermag3 from atlassource as s1, atlassource as s2, atlasSourceNeighbours as n where (s1.priorsec=0 or s1.priorsec=s1.framesetid) and s1.gapermag3 between 0 and 22 and s1.rapermag3 <0 and n.masterObjID=s1.sourceID and n.slaveObjID=s2.sourceID and s2.rapermag3>0 and distanceMins<0.03333 and s1.framesetid=s2.frameSetID  /*select s.ra as radeg,s.dec as decdeg,gAperMag3 ,rAperMag3/*,gmfid,genum*/ from atlassource as s,atlasMergeLog as l  where gAperMag3 between 0 and 20  and l.frameSetID=s.frameSetID  and (priOrSec = 0 or priOrSec=s.frameSetID)*/ /*select s.ra as radeg,s.dec as decdeg,x,y,s.multiframeid,s.extnum  from atlasDetection as s,multiframe as m where s.filterid=2 and s.multiframeid=m.multiframeID and frametype like '%stack' and apermag3 <22 and s.ra between 0 and 2 and s.dec between -11 and -9*/ /*  select s.ra as radeg,s.dec as decdeg,gAperMag3 ,rAperMag3,s.framesetid/*,gmfid,genum*/ from atlassource as s,atlasMergeLog as l  where gAperMag3 between 0 and 21  and l.frameSetID=s.frameSetID and (priOrSec = 0 or priOrSec=s.frameSetID) and s.ra between 0 and 2 and s.dec between -11 and -9 */ /*select s.ra as radeg,s.dec as decdeg,gAperMag3 ,rAperMag3 from atlassource as s,atlasMergeLog as l  where gAperMag3 >0  and l.frameSetID=s.frameSetID  and s.frameSetID=730144458339 */ /*select ra as radeg,dec as decdeg from atlasdetection where multiframeID=20416 and extnum=13 and ra>0 */   /*select g.centralra as gRA, g.centraldec as gDec,  r.centralRa as rRA, r.centralDec as RDec,60.0*  dbo.fgreatcircledist(g.centralra,g.centraldec,r.centralra,r.centraldec)  as sepArcsec,frameSetID,gmfID,genum,rmfid,renum  from atlasmergelog as l,  CurrentAstrometry as g, CurrentAstrometry as r  where g.multiframeID=gmfid and g.extNum=genum  and r.multiframeID=rmfid and r.extNum=renum  and gmfid>0 and rmfid>0  order by  dbo.fgreatcircledist(g.centralra,g.centraldec,r.centralra,r.centraldec)  desc */  /*select s.ra as radeg,s.dec as decdeg,gAperMag3 ,rAperMag3/*,gmfid,genum*/ from atlassource as s,atlasMergeLog as l  where gAperMag3 between 0 and 21  and l.frameSetID=s.frameSetID and (priOrSec = 0 or priOrSec=s.frameSetID) */ |                              1 | select s1.ra as radeg,s1.dec as decdeg,s1.gapermag3,s2.rapermag3 from atlassource as s1, atlassource as s2, atlasSourceNeighbours as n where (s1.priorsec=0 or s1.priorsec=s1.framesetid) and s1.gapermag3 between 0 and 22 and s1.rapermag3 <0 and n.masterObjID=s1.sourceID and n.slaveObjID=s2.sourceID and s2.rapermag3>0 and distanceMins<0.03333 and s1.framesetid=s2.frameSetID  /*select s.ra as radeg,s.dec as decdeg,gAperMag3 ,rAperMag3/*,gmfid,genum*/ from atlassource as s,atlasMergeLog as l  where gAperMag3 between 0 and 20  and l.frameSetID=s.frameSetID  and (priOrSec = 0 or priOrSec=s.frameSetID)*/ /*select s.ra as radeg,s.dec as decdeg,x,y,s.multiframeid,s.extnum  from atlasDetection as s,multiframe as m where s.filterid=2 and s.multiframeid=m.multiframeID and frametype like '%stack' and apermag3 <22 and s.ra between 0 and 2 and s.dec between -11 and -9*/ /*  select s.ra as radeg,s.dec as decdeg,gAperMag3 ,rAperMag3,s.framesetid/*,gmfid,genum*/ from atlassource as s,atlasMergeLog as l  where gAperMag3 between 0 and 21  and l.frameSetID=s.frameSetID and (priOrSec = 0 or priOrSec=s.frameSetID) and s.ra between 0 and 2 and s.dec between -11 and -9 */ /*select s.ra as radeg,s.dec as decdeg,gAperMag3 ,rAperMag3 from atlassource as s,atlasMergeLog as l  where gAperMag3 >0  and l.frameSetID=s.frameSetID  and s.frameSetID=730144458339 */ /*select ra as radeg,dec as decdeg from atlasdetection where multiframeID=20416 and extnum=13 and ra>0 */   /*select g.centralra as gRA, g.centraldec as gDec,  r.centralRa as rRA, r.centralDec as RDec,60.0*  dbo.fgreatcircledist(g.centralra,g.centraldec,r.centralra,r.centraldec)  as sepArcsec,frameSetID,gmfID,genum,rmfid,renum  from atlasmergelog as l,  CurrentAstrometry as g, CurrentAstrometry as r  where g.multiframeID=gmfid and g.extNum=genum  and r.multiframeID=rmfid and r.extNum=renum  and gmfid>0 and rmfid>0  order by  dbo.fgreatcircledist(g.centralra,g.centraldec,r.centralra,r.centraldec)  desc */  /*select s.ra as radeg,s.dec as decdeg,gAperMag3 ,rAperMag3/*,gmfid,genum*/ from atlassource as s,atlasMergeLog as l  where gAperMag3 between 0 and 21  and l.frameSetID=s.frameSetID and (priOrSec = 0 or priOrSec=s.frameSetID) */ |
| PARSE_ERROR - Duplicate SELECT field [mergedClassStat]                                                                                                                                                                                                                                                                                                                                                                                                                                                                                                                                                                                                                                                                                                                                                                                                                                                                                                                                                                                                           | SELECT S1.mergedClassStat, S2.mergedClassStat, S1.pstar, S2.pstar, S1.pgalaxy, S2.pgalaxy FROM atlasSource AS S1, atlasSource AS S2, atlasSourceNeighbours AS X WHERE  S1.gAperMag3 > 0 AND S2.gAperMag3 > 0 AND  S1.iAperMag3 > 0 AND S2.iAperMag3 > 0 AND masterObjID=S1.sourceID AND slaveObjID=S2.sourceID AND S1.priOrSec=S1.frameSetID AND distanceMins<0.01 AND distanceMins IN ( SELECT MIN(distanceMins) FROM atlasSourceNeighbours WHERE masterObjID=x.masterObjID)                                                                                                                                                                                                                                                                                                                                                                                                                                                                                                                                                                                    |                              2 | SELECT S1.mergedClassStat, S2.mergedClassStat, S1.pstar, S2.pstar, S1.pgalaxy, S2.pgalaxy FROM atlasSource AS S1, atlasSource AS S2, atlasSourceNeighbours AS X WHERE  S1.gAperMag3 > 0 AND S2.gAperMag3 > 0 AND  S1.iAperMag3 > 0 AND S2.iAperMag3 > 0 AND masterObjID=S1.sourceID AND slaveObjID=S2.sourceID AND S1.priOrSec=S1.frameSetID AND distanceMins<0.01 AND distanceMins IN ( SELECT MIN(distanceMins) FROM atlasSourceNeighbours WHERE masterObjID=x.masterObjID)                                                                                                                                                                                                                                                                                                                                                                                                                                                                                                                                                                                    |
| PARSE_ERROR - Duplicate SELECT field [ra]                                                                                                                                                                                                                                                                                                                                                                                                                                                                                                                                                                                                                                                                                                                                                                                                                                                                                                                                                                                                                        | select ra,dec,* from atlasDetection where  (multiframeid=14392 and seqnum=41 and extnum=27) or (multiframeid=23741 and seqnum=47 and extnum=27) or (multiframeid=14945 and seqnum=60 and extnum=27)                                                                                                                                                                                                                                                                                                                                                                                                                                                                                                                                                                                                                                                                                                                                                                                                                                                              |                              1 | select ra,dec,* from atlasDetection where  (multiframeid=14392 and seqnum=41 and extnum=27) or (multiframeid=23741 and seqnum=47 and extnum=27) or (multiframeid=14945 and seqnum=60 and extnum=27)                                                                                                                                                                                                                                                                                                                                                                                                                                                                                                                                                                                                                                                                                                                                                                                                                                                              |
| PARSE_ERROR -  Encountered "from". Was expecting one of: <EOF> ";" "+" "-" "*" "/" "%" "&" "|" "^" "AND" "OR" "GROUP BY" "HAVING" "ORDER BY" "&" "|" "^" "*" "/" "%" "+" "-"                                                                                                                                                                                                                                                                                                                                                                                                                                                                                                                                                                                                                                                                                                                                                                                                                                                                                     | select ra as radeg, dec as decdeg,d.filterid from atlasDetection as d,multiframe where Multiframe.multiframeID=d.multiframeID and frameType like '%stack' and ra between 31 and 47 and dec between -9.464 and -9.46  /*select g.centralra as gRA, g.centraldec as gDec, r.centralRa as rRA, r.centralDec as RDec,60.0* dbo.fgreatcircledist(g.centralra,g.centraldec,r.centralra,r.centraldec) as sepArcsec from atlasmergelog as l, CurrentAstrometry as g, CurrentAstrometry as r where g.multiframeID=gmfid and g.extNum=genum and r.multiframeID=rmfid and r.extNum=renum and gmfid>0 and rmfid>0 order by dbo.fgreatcircledist(g.centralra,g.centraldec,r.centralra,r.centraldec) desc */ /* select s1.ra as radeg,s1.dec as decdeg,s1.gapermag3,s2.rapermag3 from atlassource as s1, atlassource as s2, atlasSourceNeighbours as n where (s1.priorsec=0 or s1.priorsec=s1.framesetid) and s1.gapermag3 between 0 and 22 and s1.rapermag3 <0 and n.masterObjID=s1.sourceID and n.slaveObjID=s2.sourceID and s2.rapermag3>0 and distanceMins<0.03333 and s1.framesetid=s2.frameSetID */ /*select s.ra as radeg,s.dec as decdeg,gAperMag3 ,rAperMag3/*,gmfid,genum*/ from atlassource as s,atlasMergeLog as l  where gAperMag3 between 0 and 20  and l.frameSetID=s.frameSetID  and (priOrSec = 0 or priOrSec=s.frameSetID)*/ /*select s.ra as radeg,s.dec as decdeg,x,y,s.multiframeid,s.extnum  from atlasDetection as s,multiframe as m where s.filterid=2 and s.multiframeid=m.multiframeID and frametype like '%stack' and apermag3 <22 and s.ra between 0 and 2 and s.dec between -11 and -9*/ /*  select s.ra as radeg,s.dec as decdeg,gAperMag3 ,rAperMag3,s.framesetid/*,gmfid,genum*/ from atlassource as s,atlasMergeLog as l  where gAperMag3 between 0 and 21  and l.frameSetID=s.frameSetID and (priOrSec = 0 or priOrSec=s.frameSetID) and s.ra between 0 and 2 and s.dec between -11 and -9 */ /*select s.ra as radeg,s.dec as decdeg,gAperMag3 ,rAperMag3 from atlassource as s,atlasMergeLog as l  where gAperMag3 >0  and l.frameSetID=s.frameSetID  and s.frameSetID=730144458339 */ /*select ra as radeg,dec as decdeg from atlasdetection where multiframeID=20416 and extnum=13 and ra>0 */   /*select g.centralra as gRA, g.centraldec as gDec,  r.centralRa as rRA, r.centralDec as RDec,60.0*  dbo.fgreatcircledist(g.centralra,g.centraldec,r.centralra,r.centraldec)  as sepArcsec,frameSetID,gmfID,genum,rmfid,renum  from atlasmergelog as l,  CurrentAstrometry as g, CurrentAstrometry as r  where g.multiframeID=gmfid and g.extNum=genum  and r.multiframeID=rmfid and r.extNum=renum  and gmfid>0 and rmfid>0  order by  dbo.fgreatcircledist(g.centralra,g.centraldec,r.centralra,r.centraldec)  desc */  /*select s.ra as radeg,s.dec as decdeg,gAperMag3 ,rAperMag3/*,gmfid,genum*/ from atlassource as s,atlasMergeLog as l  where gAperMag3 between 0 and 21  and l.frameSetID=s.frameSetID and (priOrSec = 0 or priOrSec=s.frameSetID) */ |                             22 | select ra as radeg, dec as decdeg,d.filterid from atlasDetection as d,multiframe where Multiframe.multiframeID=d.multiframeID and frameType like '%stack' and ra between 31 and 47 and dec between -9.464 and -9.46  /*select g.centralra as gRA, g.centraldec as gDec, r.centralRa as rRA, r.centralDec as RDec,60.0* dbo.fgreatcircledist(g.centralra,g.centraldec,r.centralra,r.centraldec) as sepArcsec from atlasmergelog as l, CurrentAstrometry as g, CurrentAstrometry as r where g.multiframeID=gmfid and g.extNum=genum and r.multiframeID=rmfid and r.extNum=renum and gmfid>0 and rmfid>0 order by dbo.fgreatcircledist(g.centralra,g.centraldec,r.centralra,r.centraldec) desc */ /* select s1.ra as radeg,s1.dec as decdeg,s1.gapermag3,s2.rapermag3 from atlassource as s1, atlassource as s2, atlasSourceNeighbours as n where (s1.priorsec=0 or s1.priorsec=s1.framesetid) and s1.gapermag3 between 0 and 22 and s1.rapermag3 <0 and n.masterObjID=s1.sourceID and n.slaveObjID=s2.sourceID and s2.rapermag3>0 and distanceMins<0.03333 and s1.framesetid=s2.frameSetID */ /*select s.ra as radeg,s.dec as decdeg,gAperMag3 ,rAperMag3/*,gmfid,genum*/ from atlassource as s,atlasMergeLog as l  where gAperMag3 between 0 and 20  and l.frameSetID=s.frameSetID  and (priOrSec = 0 or priOrSec=s.frameSetID)*/ /*select s.ra as radeg,s.dec as decdeg,x,y,s.multiframeid,s.extnum  from atlasDetection as s,multiframe as m where s.filterid=2 and s.multiframeid=m.multiframeID and frametype like '%stack' and apermag3 <22 and s.ra between 0 and 2 and s.dec between -11 and -9*/ /*  select s.ra as radeg,s.dec as decdeg,gAperMag3 ,rAperMag3,s.framesetid/*,gmfid,genum*/ from atlassource as s,atlasMergeLog as l  where gAperMag3 between 0 and 21  and l.frameSetID=s.frameSetID and (priOrSec = 0 or priOrSec=s.frameSetID) and s.ra between 0 and 2 and s.dec between -11 and -9 */ /*select s.ra as radeg,s.dec as decdeg,gAperMag3 ,rAperMag3 from atlassource as s,atlasMergeLog as l  where gAperMag3 >0  and l.frameSetID=s.frameSetID  and s.frameSetID=730144458339 */ /*select ra as radeg,dec as decdeg from atlasdetection where multiframeID=20416 and extnum=13 and ra>0 */   /*select g.centralra as gRA, g.centraldec as gDec,  r.centralRa as rRA, r.centralDec as RDec,60.0*  dbo.fgreatcircledist(g.centralra,g.centraldec,r.centralra,r.centraldec)  as sepArcsec,frameSetID,gmfID,genum,rmfid,renum  from atlasmergelog as l,  CurrentAstrometry as g, CurrentAstrometry as r  where g.multiframeID=gmfid and g.extNum=genum  and r.multiframeID=rmfid and r.extNum=renum  and gmfid>0 and rmfid>0  order by  dbo.fgreatcircledist(g.centralra,g.centraldec,r.centralra,r.centraldec)  desc */  /*select s.ra as radeg,s.dec as decdeg,gAperMag3 ,rAperMag3/*,gmfid,genum*/ from atlassource as s,atlasMergeLog as l  where gAperMag3 between 0 and 21  and l.frameSetID=s.frameSetID and (priOrSec = 0 or priOrSec=s.frameSetID) */ |
| PARSE_ERROR -  Encountered "SELECT". Was expecting one of: "(" ")" "+" "-" "AVG" "MAX" "MIN" "SUM" "COUNT" "BOX" "CENTROID" "CIRCLE" "POINT" "POLYGON" "REGION" "CONTAINS" "INTERSECTS" "AREA" "COORD1" "COORD2" "COORDSYS" "DISTANCE" "ABS" "CEILING" "DEGREES" "EXP" "FLOOR" "LOG" "LOG10" "MOD" "PI" "POWER" "SQUARE" "SIGN" "RADIANS" "RAND" "ROUND" "SQRT" "TRUNCATE" "ACOS" "ASIN" "ATAN" "ATAN2" "COS" "COT" "SIN" "TAN" "CAST" "\'" "\"" <REGULAR_IDENTIFIER> <SCIENTIFIC_NUMBER> <UNSIGNED_FLOAT> <UNSIGNED_INTEGER> <HEX_INTEGER> "BOX" "CENTROID" "CIRCLE" "POINT" "POLYGON" "REGION" "+" "-" "ABS" "CEILING" "DEGREES" "EXP" "FLOOR" "LOG" "LOG10" "MOD" "PI" "SQUARE" "SIGN" "POWER" "RADIANS" "RAND" "ROUND" "SQRT" "TRUNCATE" "ACOS" "ASIN" "ATAN" "ATAN2" "COS" "COT" "SIN" "TAN" "CONTAINS" "INTERSECTS" "AREA" "COORD1" "COORD2" "DISTANCE" <REGULAR_IDENTIFIER> <SCIENTIFIC_NUMBER> <UNSIGNED_FLOAT> <UNSIGNED_INTEGER> <HEX_INTEGER> "\'" <REGULAR_IDENTIFIER> "\"" "COUNT" "AVG" "MAX" "MIN" "SUM" "CAST" "(" "COORDSYS" <REGULAR_IDENTIFIER> <SCIENTIFIC_NUMBER> <UNSIGNED_FLOAT> <UNSIGNED_INTEGER> <HEX_INTEGER> "\'" <REGULAR_IDENTIFIER> "\"" "COUNT" "AVG" "MAX" "MIN" "SUM" "CAST" "(" "COORDSYS" <REGULAR_IDENTIFIER> <SCIENTIFIC_NUMBER> <UNSIGNED_FLOAT> <UNSIGNED_INTEGER> <HEX_INTEGER> "\'" <REGULAR_IDENTIFIER> "\"" "COUNT" "AVG" "MAX" "MIN" "SUM" "CAST" "(" "+" "-" "ABS" "CEILING" "DEGREES" "EXP" "FLOOR" "LOG" "LOG10" "MOD" "PI" "SQUARE" "SIGN" "POWER" "RADIANS" "RAND" "ROUND" "SQRT" "TRUNCATE" "ACOS" "ASIN" "ATAN" "ATAN2" "COS" "COT" "SIN" "TAN" "CONTAINS" "INTERSECTS" "AREA" "COORD1" "COORD2" "DISTANCE" <REGULAR_IDENTIFIER> <SCIENTIFIC_NUMBER> <UNSIGNED_FLOAT> <UNSIGNED_INTEGER> <HEX_INTEGER> "\'" <REGULAR_IDENTIFIER> "\"" "COUNT" "AVG" "MAX" "MIN" "SUM" "CAST" "(" ")" ")" ")" ")" "BOX" "CENTROID" "CIRCLE" "POINT" "POLYGON" "REGION" "+" "-" "ABS" "CEILING" "DEGREES" "EXP" "FLOOR" "LOG" "LOG10" "MOD" "PI" "SQUARE" "SIGN" "POWER" "RADIANS" "RAND" "ROUND" "SQRT" "TRUNCATE" "ACOS" "ASIN" "ATAN" "ATAN2" "COS" "COT" "SIN" "TAN" "CONTAINS" "INTERSECTS" "AREA" "COORD1" "COORD2" "DISTANCE" <REGULAR_IDENTIFIER> <SCIENTIFIC_NUMBER> <UNSIGNED_FLOAT> <UNSIGNED_INTEGER> <HEX_INTEGER> "\'" <REGULAR_IDENTIFIER> "\"" "COUNT" "AVG" "MAX" "MIN" "SUM" "CAST" "(" "COORDSYS" <REGULAR_IDENTIFIER> <SCIENTIFIC_NUMBER> <UNSIGNED_FLOAT> <UNSIGNED_INTEGER> <HEX_INTEGER> "\'" <REGULAR_IDENTIFIER> "\"" "COUNT" "AVG" "MAX" "MIN" "SUM" "CAST" "(" "COORDSYS" <REGULAR_IDENTIFIER> <SCIENTIFIC_NUMBER> <UNSIGNED_FLOAT> <UNSIGNED_INTEGER> <HEX_INTEGER> "\'" <REGULAR_IDENTIFIER> "\"" "COUNT" "AVG" "MAX" "MIN" "SUM" "CAST" "(" "+" "-" "ABS" "CEILING" "DEGREES" "EXP" "FLOOR" "LOG" "LOG10" "MOD" "PI" "SQUARE" "SIGN" "POWER" "RADIANS" "RAND" "ROUND" "SQRT" "TRUNCATE" "ACOS" "ASIN" "ATAN" "ATAN2" "COS" "COT" "SIN" "TAN" "CONTAINS" "INTERSECTS" "AREA" "COORD1" "COORD2" "DISTANCE" <REGULAR_IDENTIFIER> <SCIENTIFIC_NUMBER> <UNSIGNED_FLOAT> <UNSIGNED_INTEGER> <HEX_INTEGER> "\'" <REGULAR_IDENTIFIER> "\"" "COUNT" "AVG" "MAX" "MIN" "SUM" "CAST" "(" ")" ")" ")" ")" ")" ")" ")" ")" ")" ")"  | SELECT mjdObs  FROM Multiframe WHERE multiframeID = ANY (SELECT gmfID FROM atlasMergeLog WHERE (dec BETWEEN -22.5 AND -12.5) AND (gmfID > 0))                                                                                                                                                                                                                                                                                                                                                                                                                                                                                                                                                                                                                                                                                                                                                                                                                                                                                                                    |                              2 | SELECT mjdObs  FROM Multiframe WHERE multiframeID = ANY (SELECT gmfID FROM atlasMergeLog WHERE (dec BETWEEN -22.5 AND -12.5) AND (gmfID > 0))                                                                                                                                                                                                                                                                                                                                                                                                                                                                                                                                                                                                                                                                                                                                                                                                                                                                                                                    |
| PARSE_ERROR - Duplicate SELECT field [AVG]                                                                                                                                                                                                                                                                                                                                                                                                                                                                                                                                                                                                                                                                                                                                                                                                                                                                                                                                                                                                                       | SELECT max(ml.ra) as fra, max(ml.dec) as fdec,avg(umgPnt),avg(gmrpnt),avg(rmiPnt),avg(imzPnt) from atlasSource as s , atlasMergeLog as ml where uppErrBits<=0 and gppErrBits <=0 and rppErrBits <=0 and ippErrBits <0 and zppErrBits<=0 and ml.frameSetID=s.frameSetID and mergedClass=-1 group by ml.frameSetID                                                                                                                                                                                                                                                                                                                                                                                                                                                                                                                                                                                                                                                                                                                                                 |                              1 | SELECT max(ml.ra) as fra, max(ml.dec) as fdec,avg(umgPnt),avg(gmrpnt),avg(rmiPnt),avg(imzPnt) from atlasSource as s , atlasMergeLog as ml where uppErrBits<=0 and gppErrBits <=0 and rppErrBits <=0 and ippErrBits <0 and zppErrBits<=0 and ml.frameSetID=s.frameSetID and mergedClass=-1 group by ml.frameSetID                                                                                                                                                                                                                                                                                                                                                                                                                                                                                                                                                                                                                                                                                                                                                 |
| PARSE_ERROR -  Encountered "(". Was expecting one of: "." "," "+" "-" "*" "/" "%" "&" "|" "^" "FROM" "AS" "." "." "." "." "."                                                                                                                                                                                                                                                                                                                                                                                                                                                                                                                                                                                                                                                                                                                                                                                                                                                                                                                                    | select g.centralra as gra, g.centraldec as gdec, r.centralra as rra, r.centraldec as rdec,  dbo.fGreatCircleDist(g.centralra,g.centraldec,r.centralra,r.centraldec) from atlasMergeLog as l, CurrentAstrometry as g, CurrentAstrometry as r where l.gmfID=g.multiframeID and l.geNum=g.extnum and l.rmfID=r.multiframeID and l.reNum=r.extnum and gmfid>0 and rmfid>0                                                                                                                                                                                                                                                                                                                                                                                                                                                                                                                                                                                                                                                                                            |                              5 | select g.centralra as gra, g.centraldec as gdec, r.centralra as rra, r.centraldec as rdec,  dbo.fGreatCircleDist(g.centralra,g.centraldec,r.centralra,r.centraldec) from atlasMergeLog as l, CurrentAstrometry as g, CurrentAstrometry as r where l.gmfID=g.multiframeID and l.geNum=g.extnum and l.rmfID=r.multiframeID and l.reNum=r.extnum and gmfid>0 and rmfid>0                                                                                                                                                                                                                                                                                                                                                                                                                                                                                                                                                                                                                                                                                            |
| PARSE_ERROR -  Encountered "(". Was expecting one of: "." "," "+" "-" "*" "/" "%" "&" "|" "^" "FROM" "AS"                                                                                                                                                                                                                                                                                                                                                                                                                                                                                                                                                                                                                                                                                                                                                                                                                                                                                                                                                        | select framesetid,gmfid,rmfid,g.centralra as gRA, g.centraldec as gDec,r.centralRa as rRA, r.centralDec as RDec,60.0* dbo.fgreatcircledist(g.centralra,g.centraldec,r.centralra,r.centraldec) as sepArcsec from atlasmergelog as l,CurrentAstrometry as g, CurrentAstrometry as r where g.multiframeID=gmfid and g.extNum=genum and r.multiframeID=rmfid and r.extNum=renum and gmfid>0 and rmfid>0 order by dbo.fgreatcircledist(g.centralra,g.centraldec,r.centralra,r.centraldec) desc                                                                                                                                                                                                                                                                                                                                                                                                                                                                                                                                                                        |                             13 | select framesetid,gmfid,rmfid,g.centralra as gRA, g.centraldec as gDec,r.centralRa as rRA, r.centralDec as RDec,60.0* dbo.fgreatcircledist(g.centralra,g.centraldec,r.centralra,r.centraldec) as sepArcsec from atlasmergelog as l,CurrentAstrometry as g, CurrentAstrometry as r where g.multiframeID=gmfid and g.extNum=genum and r.multiframeID=rmfid and r.extNum=renum and gmfid>0 and rmfid>0 order by dbo.fgreatcircledist(g.centralra,g.centraldec,r.centralra,r.centraldec) desc                                                                                                                                                                                                                                                                                                                                                                                                                                                                                                                                                                        |
| PARSE_ERROR -  Encountered "SELECT". Was expecting one of: <EOF> ";" "AND" "OR" "GROUP BY" "HAVING" "ORDER BY"                                                                                                                                                                                                                                                                                                                                                                                                                                                                                                                                                                                                                                                                                                                                                                                                                                                                                                                                                   | SELECT COUNT(sourceID)  FROM atlasSource WHERE (ra >= 4.2 and ra < 12.9) AND (dec >= -39.3 and dec <= -22.7) AND (mergedClass = -1)  SELECT COUNT(sourceID)  FROM atlasSource WHERE (ra >= 12.9 and ra < 21.1) AND (dec >= -39.3 and dec <= -22.7) AND (mergedClass = -1)                                                                                                                                                                                                                                                                                                                                                                                                                                                                                                                                                                                                                                                                                                                                                                                        |                              1 | SELECT COUNT(sourceID)  FROM atlasSource WHERE (ra >= 4.2 and ra < 12.9) AND (dec >= -39.3 and dec <= -22.7) AND (mergedClass = -1)  SELECT COUNT(sourceID)  FROM atlasSource WHERE (ra >= 12.9 and ra < 21.1) AND (dec >= -39.3 and dec <= -22.7) AND (mergedClass = -1)                                                                                                                                                                                                                                                                                                                                                                                                                                                                                                                                                                                                                                                                                                                                                                                        |
| PARSE_ERROR -  Encountered "by". Was expecting one of: <EOF> "," ";" "WHERE" "GROUP BY" "HAVING" "ORDER BY"                                                                                                                                                                                                                                                                                                                                                                                                                                                                                                                                                                                                                                                                                                                                                                                                                                                                                                                                                      | select COUNT(*),framesetid,min(ra) as radeg,min(dec) as decdeg from atlassource group  by frameSetID order by COUNT(*) desc                                                                                                                                                                                                                                                                                                                                                                                                                                                                                                                                                                                                                                                                                                                                                                                                                                                                                                                                      |                              1 | select COUNT(*),framesetid,min(ra) as radeg,min(dec) as decdeg from atlassource group  by frameSetID order by COUNT(*) desc                                                                                                                                                                                                                                                                                                                                                                                                                                                                                                                                                                                                                                                                                                                                                                                                                                                                                                                                      |
| PARSE_ERROR - 1 unresolved identifiers: wise_allskysc [l.1 c.22 - l.1 c.40] !                                                                                                                                                                                                                                                                                                                                                                                                                                                                                                                                                                                                                                                                                                                                                                                                                                                                                                                                                                                    | select count(*) from wise..wise_allskysc                                                                                                                                                                                                                                                                                                                                                                                                                                                                                                                                                                                                                                                                                                                                                                                                                                                                                                                                                                                                                         |                              2 | select count(*) from wise..wise_allskysc                                                                                                                                                                                                                                                                                                                                                                                                                                                                                                                                                                                                                                                                                                                                                                                                                                                                                                                                                                                                                         |
| PARSE_ERROR -  Encountered "E". Was expecting one of: ")" "+" "-" "*" "/" "%" "&" "|" "^" "AND" "OR" "&" "|" "^" "*" "/" "%" "+" "-"                                                                                                                                                                                                                                                                                                                                                                                                                                                                                                                                                                                                                                                                                                                                                                                                                                                                                                                             | SELECT COUNT(*) FROM atlasSource WHERE (ra >= 4.2 and ra <= 31.8) AND (dec >= -39.3 and dec < -33.4) AND (mergedClass = -1) and (uAperMag3 > 9.999995E)                                                                                                                                                                                                                                                                                                                                                                                                                                                                                                                                                                                                                                                                                                                                                                                                                                                                                                          |                              1 | SELECT COUNT(*) FROM atlasSource WHERE (ra >= 4.2 and ra <= 31.8) AND (dec >= -39.3 and dec < -33.4) AND (mergedClass = -1) and (uAperMag3 > 9.999995E)                                                                                                                                                                                                                                                                                                                                                                                                                                                                                                                                                                                                                                                                                                                                                                                                                                                                                                          |
| PARSE_ERROR -  Encountered "cast". Was expecting one of: "\"" <REGULAR_IDENTIFIER> <UNSIGNED_INTEGER>                                                                                                                                                                                                                                                                                                                                                                                                                                                                                                                                                                                                                                                                                                                                                                                                                                                                                                                                                            | select cast(x as int),cast(y as int),count(*) from atlasDetection as d, atlasMergeLog as l where l.gmfid=d.multiframeid and l.deprecated=0 group by cast(x as int),cast(y as int) order by cast(x as int),cast(y as int)  /*select s.ra as radeg, s.dec as decdeg,gAperMag3,rapermag3,x,y,s.frameSetID from atlassource as s , atlasMergeLog as l, atlasDetection as d where rapermag3 between 0  and 22.0 and gapermag3<0 and (priorsec=0 or priorsec=s.framesetid) and l.frameSetID=s.frameSetID and gmfID>0 and d.seqnum=rSeqNum and d.multiframeID=rmfid and d.extNum=renum*/                                                                                                                                                                                                                                                                                                                                                                                                                                                                                |                              1 | select cast(x as int),cast(y as int),count(*) from atlasDetection as d, atlasMergeLog as l where l.gmfid=d.multiframeid and l.deprecated=0 group by cast(x as int),cast(y as int) order by cast(x as int),cast(y as int)  /*select s.ra as radeg, s.dec as decdeg,gAperMag3,rapermag3,x,y,s.frameSetID from atlassource as s , atlasMergeLog as l, atlasDetection as d where rapermag3 between 0  and 22.0 and gapermag3<0 and (priorsec=0 or priorsec=s.framesetid) and l.frameSetID=s.frameSetID and gmfID>0 and d.seqnum=rSeqNum and d.multiframeID=rmfid and d.extNum=renum*/                                                                                                                                                                                                                                                                                                                                                                                                                                                                                |
| PARSE_ERROR -  Encountered "<EOF>". Was expecting one of: "," "+" "-" "*" "/" "%" "&" "|" "^" "FROM" "AS"                                                                                                                                                                                                                                                                                                                                                                                                                                                                                                                                                                                                                                                                                                                                                                                                                                                                                                                                                        | select 1                                                                                                                                                                                                                                                                                                                                                                                                                                                                                                                                                                                                                                                                                                                                                                                                                                                                                                                                                                                                                                                         |                             14 | select 1                                                                                                                                                                                                                                                                                                                                                                                                                                                                                                                                                                                                                                                                                                                                                                                                                                                                                                                                                                                                                                                         |
| PARSE_ERROR -  Encountered "from". Was expecting one of: <EOF> ";" "AND" "OR" "GROUP BY" "HAVING" "ORDER BY"                                                                                                                                                                                                                                                                                                                                                                                                                                                                                                                                                                                                                                                                                                                                                                                                                                                                                                                                                     | select * from atlasmergelog where framesetid in (730144452517,730144452513)  /*select s.ra as radeg,s.dec as decdeg,x,y,s.multiframeid,s.extnum  from atlasDetection as s,multiframe as m where s.filterid=2 and s.multiframeid=m.multiframeID and frametype like '%stack' and apermag3 <22 and s.ra between 0 and 2 and s.dec between -11 and -9*/ /*  select s.ra as radeg,s.dec as decdeg,gAperMag3 ,rAperMag3,s.framesetid/*,gmfid,genum*/ from atlassource as s,atlasMergeLog as l  where gAperMag3 between 0 and 21  and l.frameSetID=s.frameSetID and (priOrSec = 0 or priOrSec=s.frameSetID) and s.ra between 0 and 2 and s.dec between -11 and -9 */ /*select s.ra as radeg,s.dec as decdeg,gAperMag3 ,rAperMag3 from atlassource as s,atlasMergeLog as l  where gAperMag3 >0  and l.frameSetID=s.frameSetID  and s.frameSetID=730144458339 */ /*select ra as radeg,dec as decdeg from atlasdetection where multiframeID=20416 and extnum=13 and ra>0 */   /*select g.centralra as gRA, g.centraldec as gDec,  r.centralRa as rRA, r.centralDec as RDec,60.0*  dbo.fgreatcircledist(g.centralra,g.centraldec,r.centralra,r.centraldec)  as sepArcsec,frameSetID,gmfID,genum,rmfid,renum  from atlasmergelog as l,  CurrentAstrometry as g, CurrentAstrometry as r  where g.multiframeID=gmfid and g.extNum=genum  and r.multiframeID=rmfid and r.extNum=renum  and gmfid>0 and rmfid>0  order by  dbo.fgreatcircledist(g.centralra,g.centraldec,r.centralra,r.centraldec)  desc */  /*select s.ra as radeg,s.dec as decdeg,gAperMag3 ,rAperMag3/*,gmfid,genum*/ from atlassource as s,atlasMergeLog as l  where gAperMag3 between 0 and 21  and l.frameSetID=s.frameSetID and (priOrSec = 0 or priOrSec=s.frameSetID) */ |                              4 | select * from atlasmergelog where framesetid in (730144452517,730144452513)  /*select s.ra as radeg,s.dec as decdeg,x,y,s.multiframeid,s.extnum  from atlasDetection as s,multiframe as m where s.filterid=2 and s.multiframeid=m.multiframeID and frametype like '%stack' and apermag3 <22 and s.ra between 0 and 2 and s.dec between -11 and -9*/ /*  select s.ra as radeg,s.dec as decdeg,gAperMag3 ,rAperMag3,s.framesetid/*,gmfid,genum*/ from atlassource as s,atlasMergeLog as l  where gAperMag3 between 0 and 21  and l.frameSetID=s.frameSetID and (priOrSec = 0 or priOrSec=s.frameSetID) and s.ra between 0 and 2 and s.dec between -11 and -9 */ /*select s.ra as radeg,s.dec as decdeg,gAperMag3 ,rAperMag3 from atlassource as s,atlasMergeLog as l  where gAperMag3 >0  and l.frameSetID=s.frameSetID  and s.frameSetID=730144458339 */ /*select ra as radeg,dec as decdeg from atlasdetection where multiframeID=20416 and extnum=13 and ra>0 */   /*select g.centralra as gRA, g.centraldec as gDec,  r.centralRa as rRA, r.centralDec as RDec,60.0*  dbo.fgreatcircledist(g.centralra,g.centraldec,r.centralra,r.centraldec)  as sepArcsec,frameSetID,gmfID,genum,rmfid,renum  from atlasmergelog as l,  CurrentAstrometry as g, CurrentAstrometry as r  where g.multiframeID=gmfid and g.extNum=genum  and r.multiframeID=rmfid and r.extNum=renum  and gmfid>0 and rmfid>0  order by  dbo.fgreatcircledist(g.centralra,g.centraldec,r.centralra,r.centraldec)  desc */  /*select s.ra as radeg,s.dec as decdeg,gAperMag3 ,rAperMag3/*,gmfid,genum*/ from atlassource as s,atlasMergeLog as l  where gAperMag3 between 0 and 21  and l.frameSetID=s.frameSetID and (priOrSec = 0 or priOrSec=s.frameSetID) */ |
| PARSE_ERROR -  Encountered "varchar". Was expecting: <CAST_TYPE>                                                                                                                                                                                                                                                                                                                                                                                                                                                                                                                                                                                                                                                                                                                                                                                                                                                                                                                                                                                                 | select './imcopy '''+ filename+'['+CAST(genum-1 as varchar(2))+']'' '+CAST(genum-1 as varchar(2))+ '_'+SUBSTRING(filename,charindex('/o2',filename)+1,200)from atlasMergeLog as l, Multiframe as m where gmfID>0 and rmfID>0 and imfID >0 and gmfID=m.multiframeID                                                                                                                                                                                                                                                                                                                                                                                                                                                                                                                                                                                                                                                                                                                                                                                               |                             11 | select './imcopy '''+ filename+'['+CAST(genum-1 as varchar(2))+']'' '+CAST(genum-1 as varchar(2))+ '_'+SUBSTRING(filename,charindex('/o2',filename)+1,200)from atlasMergeLog as l, Multiframe as m where gmfID>0 and rmfID>0 and imfID >0 and gmfID=m.multiframeID                                                                                                                                                                                                                                                                                                                                                                                                                                                                                                                                                                                                                                                                                                                                                                                               |
| PARSE_ERROR -  Encountered "count". Was expecting one of: "\"" <REGULAR_IDENTIFIER> <UNSIGNED_INTEGER>                                                                                                                                                                                                                                                                                                                                                                                                                                                                                                                                                                                                                                                                                                                                                                                                                                                                                                                                                           | SELECT  frameSetID, count(*) from (select distinct framesetid,priorsec from atlassource where priorsec !=0 ) as t group by frameSetID order by count(*) desc                                                                                                                                                                                                                                                                                                                                                                                                                                                                                                                                                                                                                                                                                                                                                                                                                                                                                                     |                              2 | SELECT  frameSetID, count(*) from (select distinct framesetid,priorsec from atlassource where priorsec !=0 ) as t group by frameSetID order by count(*) desc                                                                                                                                                                                                                                                                                                                                                                                                                                                                                                                                                                                                                                                                                                                                                                                                                                                                                                     |
| Query error: A problem occurred while running your query                                                                                                                                                                                                                                                                                                                                                                                                                                                                                                                                                                                                                                                                                                                                                                                                                                                                                                                                                                                                         | SELECT  ATLASdetection.*,2*DEGREES(ASIN(sqrt(power(0.6722380059181691-cx,2)+power(-0.5160896162706617-cy,2)+power(-0.5307989933833379-cz,2))/2))*60 as distance  FROM ATLASdetection WHERE dec > -32.06112216666667 and dec < -32.05778883333333 and RA >= 322.4839137906006 and RA <= 322.4878470093994 and ((cx * 0.6722380059181691 + cy * -0.5160896162706617 + cz * -0.5307989933833379 ) >= 0.9999999995769202)                                                                                                                                                                                                                                                                                                                                                                                                                                                                                                                                                                                                                                            |                             41 | SELECT  ATLASdetection.*,2*DEGREES(ASIN(sqrt(power(0.6722380059181691-cx,2)+power(-0.5160896162706617-cy,2)+power(-0.5307989933833379-cz,2))/2))*60 as distance  FROM ATLASdetection WHERE dec > -32.06112216666667 and dec < -32.05778883333333 and RA >= 322.4839137906006 and RA <= 322.4878470093994 and ((cx * 0.6722380059181691 + cy * -0.5160896162706617 + cz * -0.5307989933833379 ) >= 0.9999999995769202)                                                                                                                                                                                                                                                                                                                                                                                                                                                                                                                                                                                                                                            |
| PARSE_ERROR -  Encountered "SELECT". Was expecting one of: "(" "NOT" "(" "(" "(" "(" "(" "(" "(" "(" "(" "(" "(" "(" "(" "(" "(" "(" "(" "(" "(" "(" "(" "(" "(" "(" "(" "(" "(" "(" "(" "(" "(" "(" "(" "(" "(" "(" "(" "(" "(" "(" "(" "(" "(" "(" "(" "(" "(" "(" "(" "(" "(" "(" "(" "(" "(" "(" "(" "(" "(" "(" "(" "(" "(" "(" "(" "(" "(" "(" "(" "(" "(" "(" "(" "(" "(" "(" "(" "(" "(" "(" "(" "(" "(" "(" "(" "(" "(" "(" "(" "(" "(" "(" "(" "(" "(" "(" "(" "(" "(" "(" "(" "(" "(" "(" "(" "(" "(" "(" "(" "(" "(" "(" "(" "(" "(" "(" "(" "(" "(" "(" "(" "(" "(" "(" "(" "(" "(" "(" "(" "(" "(" "(" "(" "(" "(" "(" "(" "(" "(" "(" "(" "(" "(" "(" "(" "(" "(" "(" "(" "(" "(" "(" "(" "(" "(" "(" "(" "(" "("                                                                                                                                                                                                                                                                                                                                 | SELECT   DistanceMins   FROM     atlasSourceXDR7PhotoObj as CrossMatch     WHERE     (       SELECT       s.sourceID       FROM       atlasSource as s       WHERE       ra > 182 AND ra < 184       AND       dec > -3 AND dec < -1       AND       CrossMatch.masterObjID = sourceID     ) > 0                                                                                                                                                                                                                                                                                                                                                                                                                                                                                                                                                                                                                                                                                                                                                                 |                              1 | SELECT   DistanceMins   FROM     atlasSourceXDR7PhotoObj as CrossMatch     WHERE     (       SELECT       s.sourceID       FROM       atlasSource as s       WHERE       ra > 182 AND ra < 184       AND       dec > -3 AND dec < -1       AND       CrossMatch.masterObjID = sourceID     ) > 0                                                                                                                                                                                                                                                                                                                                                                                                                                                                                                                                                                                                                                                                                                                                                                 |
| <urlopen error [Errno 111] Connection refused>                                                                                                                                                                                                                                                                                                                                                                                                                                                                                                                                                                                                                                                                                                                                                                                                                                                                                                                                                                                                                   | sELECT         CAST(ROUND(l*6.0,0) AS INT)/6.0 AS lon,        CAST(ROUND(b*6.0,0) AS INT)/6.0 AS lat,        COUNT(*)                        AS num FROM   atlasSource WHERE (priOrSec=0 OR priOrSec=frameSetID) GROUP BY    CAST(ROUND(l*6.0,0) AS INT)/6.0,CAST(ROUND(b*6.0,0) AS INT)/6.0                                                                                                                                                                                                                                                                                                                                                                                                                                                                                                                                                                                                                                                                                                                                                                     |                              2 | sELECT         CAST(ROUND(l*6.0,0) AS INT)/6.0 AS lon,        CAST(ROUND(b*6.0,0) AS INT)/6.0 AS lat,        COUNT(*)                        AS num FROM   atlasSource WHERE (priOrSec=0 OR priOrSec=frameSetID) GROUP BY    CAST(ROUND(l*6.0,0) AS INT)/6.0,CAST(ROUND(b*6.0,0) AS INT)/6.0                                                                                                                                                                                                                                                                                                                                                                                                                                                                                                                                                                                                                                                                                                       






 
 




